{
  "name": "angular-cookies",
  "version": "1.5.10",
  "license": "MIT",
  "main": "./angular-cookies.js",
  "ignore": [],
  "dependencies": {
    "angular": "1.5.10"
  },
  "homepage": "https://github.com/angular/bower-angular-cookies",
  "_release": "1.5.10",
  "_resolution": {
    "type": "version",
    "tag": "v1.5.10",
    "commit": "96b24aee491fddf7dc7cbf763a1d9568532b3249"
  },
  "_source": "https://github.com/angular/bower-angular-cookies.git",
  "_target": "~1.5.0",
  "_originalSource": "angular-cookies"
}