{
  "name": "angular-animate",
  "version": "1.5.10",
  "license": "MIT",
  "main": "./angular-animate.js",
  "ignore": [],
  "dependencies": {
    "angular": "1.5.10"
  },
  "homepage": "https://github.com/angular/bower-angular-animate",
  "_release": "1.5.10",
  "_resolution": {
    "type": "version",
    "tag": "v1.5.10",
    "commit": "3f876c02d2fc6c0fd432c917d871a1e43c684a07"
  },
  "_source": "https://github.com/angular/bower-angular-animate.git",
  "_target": "~1.5.0",
  "_originalSource": "angular-animate"
}